-- MySQL Script generated by MySQL Workbench
-- Sun Mar 24 12:03:38 2024
-- Model: New Model    Version: 1.0
-- MySQL Workbench Forward Engineering

SET @OLD_UNIQUE_CHECKS=@@UNIQUE_CHECKS, UNIQUE_CHECKS=0;
SET @OLD_FOREIGN_KEY_CHECKS=@@FOREIGN_KEY_CHECKS, FOREIGN_KEY_CHECKS=0;
SET @OLD_SQL_MODE=@@SQL_MODE, SQL_MODE='ONLY_FULL_GROUP_BY,STRICT_TRANS_TABLES,NO_ZERO_IN_DATE,NO_ZERO_DATE,ERROR_FOR_DIVISION_BY_ZERO,NO_ENGINE_SUBSTITUTION';

-- -----------------------------------------------------
-- Schema conference 
-- -----------------------------------------------------
/* If you are running this script on your local host, uncomment the next 4 lines. */
-- CREATE SCHEMA IF NOT EXISTS `conference` DEFAULT CHARACTER SET utf8mb4 COLLATE utf8mb4_0900_ai_ci ;
-- USE `conference` ;
-- SET GLOBAL sql_mode=(SELECT CONCAT(@@sql_mode,',ANSI')); 
-- SET sql_mode=(SELECT CONCAT(@@sql_mode,',ANSI')); 


-- -----------------------------------------------------
-- Table `Conference`
-- -----------------------------------------------------
DROP TABLE IF EXISTS `Conference` ;

CREATE TABLE IF NOT EXISTS `Conference` (
  `ConferenceID` INT NOT NULL AUTO_INCREMENT,
  `Name` VARCHAR(255) NOT NULL,
  `OccurrenceNumber` INT NOT NULL,
  `Location` VARCHAR(255) NOT NULL,
  `StartDate` DATE NOT NULL,
  `EndDate` DATE NOT NULL,
  PRIMARY KEY (`ConferenceID`))
ENGINE = InnoDB
DEFAULT CHARACTER SET = utf8mb4
COLLATE = utf8mb4_0900_ai_ci;


-- -----------------------------------------------------
-- Table `Track`
-- -----------------------------------------------------
DROP TABLE IF EXISTS `Track` ;

CREATE TABLE IF NOT EXISTS `Track` (
  `TrackType` VARCHAR(255) NOT NULL,
  `SubmissionGuideline` VARCHAR(500) NOT NULL,
  `ConferenceID` INT NOT NULL,
  PRIMARY KEY (`ConferenceID`, `TrackType`),
  INDEX `ConferenceID` (`ConferenceID` ASC) VISIBLE,
  CONSTRAINT `track_ibfk_1`
    FOREIGN KEY (`ConferenceID`)
    REFERENCES `Conference` (`ConferenceID`))
ENGINE = InnoDB
DEFAULT CHARACTER SET = utf8mb4
COLLATE = utf8mb4_0900_ai_ci;


-- -----------------------------------------------------
-- Table `SubmittedPaper`
-- -----------------------------------------------------
DROP TABLE IF EXISTS `SubmittedPaper` ;

CREATE TABLE IF NOT EXISTS `SubmittedPaper` (
  `PaperID` INT NOT NULL AUTO_INCREMENT,
  `ConferenceID` INT NOT NULL,
  `TrackType` VARCHAR(255) NOT NULL,
  `Title` VARCHAR(255) NOT NULL,
  `Abstract` TEXT NOT NULL,
  PRIMARY KEY (`PaperID`),
  INDEX `ConferenceID` (`ConferenceID` ASC, `TrackType` ASC) VISIBLE,
  CONSTRAINT `paper_ibfk_1`
    FOREIGN KEY (`ConferenceID` , `TrackType`)
    REFERENCES `Track` (`ConferenceID` , `TrackType`))
ENGINE = InnoDB
DEFAULT CHARACTER SET = utf8mb4
COLLATE = utf8mb4_0900_ai_ci;


-- -----------------------------------------------------
-- Table `AcceptedPaper`
-- -----------------------------------------------------
DROP TABLE IF EXISTS `AcceptedPaper` ;

CREATE TABLE IF NOT EXISTS `AcceptedPaper` (
  `PaperID` INT NOT NULL,
  `StartPage` INT NOT NULL,
  `EndPage` INT NOT NULL,
  PRIMARY KEY (`PaperID`),
  INDEX `fk_AcceptedPaper_Submitted Paper1_idx` (`PaperID` ASC) VISIBLE,
  CONSTRAINT `fk_AcceptedPaper_Submitted Paper1`
    FOREIGN KEY (`PaperID`)
    REFERENCES `SubmittedPaper` (`PaperID`)
    ON DELETE NO ACTION
    ON UPDATE NO ACTION)
ENGINE = InnoDB
DEFAULT CHARACTER SET = utf8mb4
COLLATE = utf8mb4_0900_ai_ci;


-- -----------------------------------------------------
-- Table `Researcher`
-- -----------------------------------------------------
DROP TABLE IF EXISTS `Researcher` ;

CREATE TABLE IF NOT EXISTS `Researcher` (
  `Email` VARCHAR(255) NOT NULL,
  `Name` VARCHAR(255) NOT NULL,
  PRIMARY KEY (`Email`),
  UNIQUE INDEX `Email` (`Email` ASC) VISIBLE)
ENGINE = InnoDB
DEFAULT CHARACTER SET = utf8mb4
COLLATE = utf8mb4_0900_ai_ci;


-- -----------------------------------------------------
-- Table `PaperAuthor`
-- -----------------------------------------------------
DROP TABLE IF EXISTS `PaperAuthor` ;

CREATE TABLE IF NOT EXISTS `PaperAuthor` (
  `PaperID` INT NOT NULL,
  `ResearcherEmail` VARCHAR(255) NOT NULL,
  PRIMARY KEY (`PaperID`, `ResearcherEmail`),
  INDEX `fk_Submitted Paper_has_Researcher_Researcher1_idx` (`ResearcherEmail` ASC) VISIBLE,
  INDEX `fk_Submitted Paper_has_Researcher_Submitted Paper1_idx` (`PaperID` ASC) VISIBLE,
  CONSTRAINT `fk_Submitted Paper_has_Researcher_Researcher1`
    FOREIGN KEY (`ResearcherEmail`)
    REFERENCES `Researcher` (`Email`),
  CONSTRAINT `fk_Submitted Paper_has_Researcher_Submitted Paper1`
    FOREIGN KEY (`PaperID`)
    REFERENCES `SubmittedPaper` (`PaperID`))
ENGINE = InnoDB
DEFAULT CHARACTER SET = utf8mb4
COLLATE = utf8mb4_0900_ai_ci;


-- -----------------------------------------------------
-- Table `Session`
-- -----------------------------------------------------
DROP TABLE IF EXISTS `Session` ;

CREATE TABLE IF NOT EXISTS `Session` (
  `SessionID` INT NOT NULL AUTO_INCREMENT,
  `TrackType` VARCHAR(255) NOT NULL,
  `ConferenceID` INT NOT NULL,
  `SessionName` VARCHAR(255) NOT NULL,
  `StartDateTime` DATETIME NOT NULL,
  `EndDateTime` DATETIME NOT NULL,
  PRIMARY KEY (`SessionID`),
  INDEX `ConferenceID` (`ConferenceID` ASC, `TrackType` ASC) VISIBLE,
  CONSTRAINT `session_ibfk_2`
    FOREIGN KEY (`ConferenceID` , `TrackType`)
    REFERENCES `Track` (`ConferenceID` , `TrackType`))
ENGINE = InnoDB
DEFAULT CHARACTER SET = utf8mb4
COLLATE = utf8mb4_0900_ai_ci;


-- -----------------------------------------------------
-- Table `Presentation`
-- -----------------------------------------------------
DROP TABLE IF EXISTS `Presentation` ;

CREATE TABLE IF NOT EXISTS `Presentation` (
  `ResearcherEmail` VARCHAR(255) NOT NULL,
  `SessionID` INT NOT NULL,
  `PaperID` INT NOT NULL,
  PRIMARY KEY (`ResearcherEmail`, `SessionID`, `PaperID`),
  INDEX `fk_Researcher_has_Session_Session1_idx` (`SessionID` ASC) VISIBLE,
  INDEX `fk_Researcher_has_Session_Researcher1_idx` (`ResearcherEmail` ASC) VISIBLE,
  INDEX `fk_Presentation_AcceptedPaper1_idx` (`PaperID` ASC) VISIBLE,
  CONSTRAINT `fk_Researcher_has_Session_Researcher1`
    FOREIGN KEY (`ResearcherEmail`)
    REFERENCES `Researcher` (`Email`),
  CONSTRAINT `fk_Researcher_has_Session_Session1`
    FOREIGN KEY (`SessionID`)
    REFERENCES `Session` (`SessionID`),
  CONSTRAINT `fk_Presentation_AcceptedPaper1`
    FOREIGN KEY (`PaperID`)
    REFERENCES `AcceptedPaper` (`PaperID`)
    ON DELETE NO ACTION
    ON UPDATE NO ACTION)
ENGINE = InnoDB
DEFAULT CHARACTER SET = utf8mb4
COLLATE = utf8mb4_0900_ai_ci;


-- -----------------------------------------------------
-- Table `Attended`
-- -----------------------------------------------------
DROP TABLE IF EXISTS `Attended` ;

CREATE TABLE IF NOT EXISTS `Attended` (
  `ResearcherEmail` VARCHAR(255) NOT NULL,
  `ConferenceID` INT NOT NULL,
  PRIMARY KEY (`ResearcherEmail`, `ConferenceID`),
  INDEX `fk_Researcher_has_RegistrationType_Researcher1_idx` (`ResearcherEmail` ASC) VISIBLE,
  CONSTRAINT `fk_Researcher_has_RegistrationType_Researcher1`
    FOREIGN KEY (`ResearcherEmail`)
    REFERENCES `Researcher` (`Email`),
  CONSTRAINT `fk_Registration_Conference1`
    FOREIGN KEY (`ConferenceID`)
    REFERENCES `Conference` (`ConferenceID`)
    ON DELETE NO ACTION
    ON UPDATE NO ACTION)
ENGINE = InnoDB
DEFAULT CHARACTER SET = utf8mb4
COLLATE = utf8mb4_0900_ai_ci;


-- -----------------------------------------------------
-- Table `RejectedPaper`
-- -----------------------------------------------------
DROP TABLE IF EXISTS `RejectedPaper` ;

CREATE TABLE IF NOT EXISTS `RejectedPaper` (
  `PaperID` INT NOT NULL,
  `RejectionReason` VARCHAR(100) NOT NULL,
  PRIMARY KEY (`PaperID`),
  CONSTRAINT `fk_RejectedPaper_Submitted Paper1`
    FOREIGN KEY (`PaperID`)
    REFERENCES `SubmittedPaper` (`PaperID`)
    ON DELETE NO ACTION
    ON UPDATE NO ACTION)
ENGINE = InnoDB
DEFAULT CHARACTER SET = utf8mb4
COLLATE = utf8mb4_0900_ai_ci;


-- -----------------------------------------------------
-- Table `Supervisor`
-- -----------------------------------------------------
DROP TABLE IF EXISTS `Supervisor` ;

CREATE TABLE IF NOT EXISTS `Supervisor` (
  `SuperviseeEmail` VARCHAR(255) NOT NULL,
  `SupervisorEmail` VARCHAR(255) NOT NULL,
  `StartDate` DATE NOT NULL,
  `EndDate` DATE NULL DEFAULT NULL,
  PRIMARY KEY (`SuperviseeEmail`, `SupervisorEmail`, `StartDate`),
  INDEX `fk_Researcher_has_Researcher_Researcher2_idx` (`SupervisorEmail` ASC) VISIBLE,
  INDEX `fk_Researcher_has_Researcher_Researcher1_idx` (`SuperviseeEmail` ASC) VISIBLE,
  CONSTRAINT `fk_Researcher_has_Researcher_Researcher1`
    FOREIGN KEY (`SuperviseeEmail`)
    REFERENCES `Researcher` (`Email`),
  CONSTRAINT `fk_Researcher_has_Researcher_Researcher2`
    FOREIGN KEY (`SupervisorEmail`)
    REFERENCES `Researcher` (`Email`))
ENGINE = InnoDB
DEFAULT CHARACTER SET = utf8mb4
COLLATE = utf8mb4_0900_ai_ci;


SET SQL_MODE=@OLD_SQL_MODE;
SET FOREIGN_KEY_CHECKS=@OLD_FOREIGN_KEY_CHECKS;
SET UNIQUE_CHECKS=@OLD_UNIQUE_CHECKS;


BEGIN;
INSERT INTO Conference(ConferenceID, Name, OccurrenceNumber, Location, StartDate, EndDate) VALUES (1,'Conference1',1,'Location1','2020-01-01','2020-01-03');
INSERT INTO Conference(ConferenceID, Name, OccurrenceNumber, Location, StartDate, EndDate) VALUES (2,'Conference1',2,'Location1','2022-01-01','2022-01-03');
INSERT INTO Conference(ConferenceID, Name, OccurrenceNumber, Location, StartDate, EndDate) VALUES (3,'Conference2',1,'Location2','2021-02-02','2021-02-04');
INSERT INTO Conference(ConferenceID, Name, OccurrenceNumber, Location, StartDate, EndDate) VALUES (4,'Conference3',1,'Location3','2023-03-01','2023-03-06');
INSERT INTO Conference(ConferenceID, Name, OccurrenceNumber, Location, StartDate, EndDate) VALUES (5,'Conference3',2,'Location3','2024-04-01','2024-04-01');
INSERT INTO Track(TrackType, SubmissionGuideline, ConferenceID) VALUES ('TrackType1','SubmissionGuidelines1',1);
INSERT INTO Track(TrackType, SubmissionGuideline, ConferenceID) VALUES ('TrackType2','SubmissionGuidelines2',1);
INSERT INTO Track(TrackType, SubmissionGuideline, ConferenceID) VALUES ('TrackType2','SubmissionGuidelines3',2);
INSERT INTO Track(TrackType, SubmissionGuideline, ConferenceID) VALUES ('TrackType3','SubmissionGuidelines4',2);
INSERT INTO Track(TrackType, SubmissionGuideline, ConferenceID) VALUES ('TrackType4','SubmissionGuidelines5',3);
INSERT INTO Track(TrackType, SubmissionGuideline, ConferenceID) VALUES ('TrackType5','SubmissionGuidelines6',3);
INSERT INTO Track(TrackType, SubmissionGuideline, ConferenceID) VALUES ('TrackType1','SubmissionGuidelines7',4);
INSERT INTO Track(TrackType, SubmissionGuideline, ConferenceID) VALUES ('TrackType2','SubmissionGuidelines8',4);
INSERT INTO Track(TrackType, SubmissionGuideline, ConferenceID) VALUES ('TrackType6','SubmissionGuidelines9',4);
INSERT INTO Track(TrackType, SubmissionGuideline, ConferenceID) VALUES ('TrackType2','SubmissionGuidelines10',5);
INSERT INTO Researcher(Email, Name) VALUES ('bill@email.com','billy');
INSERT INTO Researcher(Email, Name) VALUES ('andy@email.com','andrew');
INSERT INTO Researcher(Email, Name) VALUES ('eliza@email.com','eliza');
INSERT INTO Researcher(Email, Name) VALUES ('lisa@email.com','lisa');
INSERT INTO Researcher(Email, Name) VALUES ('ava@email.com','ava');
INSERT INTO Supervisor(SuperviseeEmail, SupervisorEmail, StartDate, EndDate) VALUES ('bill@email.com','andy@email.com','2021-01-01','2022-01-09');
INSERT INTO Supervisor(SuperviseeEmail, SupervisorEmail, StartDate, EndDate) VALUES ('andy@email.com','eliza@email.com','2020-01-01','2021-04-01');
INSERT INTO Supervisor(SuperviseeEmail, SupervisorEmail, StartDate, EndDate) VALUES ('andy@email.com','lisa@email.com','2000-01-01','2010-07-01');
INSERT INTO Supervisor(SuperviseeEmail, SupervisorEmail, StartDate, EndDate) VALUES ('eliza@email.com','lisa@email.com','2008-01-01','2012-01-02');
INSERT INTO Supervisor(SuperviseeEmail, SupervisorEmail, StartDate, EndDate) VALUES ('lisa@email.com','ava@email.com','2000-01-01','2002-04-01');
INSERT INTO Attended(ResearcherEmail, ConferenceID) VALUES ('bill@email.com',1);
INSERT INTO Attended(ResearcherEmail, ConferenceID) VALUES ('bill@email.com',2);
INSERT INTO Attended(ResearcherEmail, ConferenceID) VALUES ('bill@email.com',4);
INSERT INTO Attended(ResearcherEmail, ConferenceID) VALUES ('andy@email.com',1);
INSERT INTO Attended(ResearcherEmail, ConferenceID) VALUES ('andy@email.com',2);
INSERT INTO Attended(ResearcherEmail, ConferenceID) VALUES ('andy@email.com',3);
INSERT INTO Attended(ResearcherEmail, ConferenceID) VALUES ('andy@email.com',4);
INSERT INTO Attended(ResearcherEmail, ConferenceID) VALUES ('eliza@email.com',3);
INSERT INTO Attended(ResearcherEmail, ConferenceID) VALUES ('eliza@email.com',4);
INSERT INTO Attended(ResearcherEmail, ConferenceID) VALUES ('lisa@email.com',1);
INSERT INTO Attended(ResearcherEmail, ConferenceID) VALUES ('lisa@email.com',4);
INSERT INTO Attended(ResearcherEmail, ConferenceID) VALUES ('ava@email.com',2);
INSERT INTO Attended(ResearcherEmail, ConferenceID) VALUES ('ava@email.com',3);
INSERT INTO Attended(ResearcherEmail, ConferenceID) VALUES ('ava@email.com',4);
INSERT INTO Attended(ResearcherEmail, ConferenceID) VALUES ('ava@email.com',5);
INSERT INTO SubmittedPaper(PaperID,Title,Abstract,TrackType,ConferenceID) VALUES (1,'paper1','paper1Abstract','TrackType1',1);
INSERT INTO SubmittedPaper(PaperID,Title,Abstract,TrackType,ConferenceID) VALUES (2,'paper2','paper2Abstract','TrackType2',1);
INSERT INTO SubmittedPaper(PaperID,Title,Abstract,TrackType,ConferenceID) VALUES (3,'paper3','paper3Abstract','TrackType2',1);
INSERT INTO SubmittedPaper(PaperID,Title,Abstract,TrackType,ConferenceID) VALUES (4,'paper4','paper4Abstract','TrackType2',2);
INSERT INTO SubmittedPaper(PaperID,Title,Abstract,TrackType,ConferenceID) VALUES (5,'paper5','paper5Abstract','TrackType3',2);
INSERT INTO SubmittedPaper(PaperID,Title,Abstract,TrackType,ConferenceID) VALUES (6,'paper6','paper6Abstract','TrackType3',2);
INSERT INTO SubmittedPaper(PaperID,Title,Abstract,TrackType,ConferenceID) VALUES (7,'paper7','paper7Abstract','TrackType4',3);
INSERT INTO SubmittedPaper(PaperID,Title,Abstract,TrackType,ConferenceID) VALUES (8,'paper8','paper8Abstract','TrackType4',3);
INSERT INTO SubmittedPaper(PaperID,Title,Abstract,TrackType,ConferenceID) VALUES (9,'paper9','paper9Abstract','TrackType4',3);
INSERT INTO SubmittedPaper(PaperID,Title,Abstract,TrackType,ConferenceID) VALUES (10,'paper10','paper10Abstract','TrackType5',3);
INSERT INTO SubmittedPaper(PaperID,Title,Abstract,TrackType,ConferenceID) VALUES (11,'paper11','paper11Abstract','TrackType5',3);
INSERT INTO SubmittedPaper(PaperID,Title,Abstract,TrackType,ConferenceID) VALUES (12,'paper12','paper12Abstract','TrackType1',4);
INSERT INTO SubmittedPaper(PaperID,Title,Abstract,TrackType,ConferenceID) VALUES (13,'paper13','paper13Abstract','TrackType1',4);
INSERT INTO SubmittedPaper(PaperID,Title,Abstract,TrackType,ConferenceID) VALUES (14,'paper14','paper14Abstract','TrackType2',4);
INSERT INTO SubmittedPaper(PaperID,Title,Abstract,TrackType,ConferenceID) VALUES (15,'paper15','paper15Abstract','TrackType2',4);
INSERT INTO SubmittedPaper(PaperID,Title,Abstract,TrackType,ConferenceID) VALUES (16,'paper16','paper16Abstract','TrackType2',4);
INSERT INTO SubmittedPaper(PaperID,Title,Abstract,TrackType,ConferenceID) VALUES (17,'paper17','paper17Abstract','TrackType6',4);
INSERT INTO SubmittedPaper(PaperID,Title,Abstract,TrackType,ConferenceID) VALUES (18,'paper18','paper18Abstract','TrackType6',4);
INSERT INTO SubmittedPaper(PaperID,Title,Abstract,TrackType,ConferenceID) VALUES (19,'paper19','paper19Abstract','TrackType2',5);
INSERT INTO SubmittedPaper(PaperID,Title,Abstract,TrackType,ConferenceID) VALUES (20,'paper20','paper20Abstract','TrackType2',5);
INSERT INTO PaperAuthor(ResearcherEmail, PaperID) VALUES ('andy@email.com',1);
INSERT INTO PaperAuthor(ResearcherEmail, PaperID) VALUES ('eliza@email.com',1);
INSERT INTO PaperAuthor(ResearcherEmail, PaperID) VALUES ('andy@email.com',2);
INSERT INTO PaperAuthor(ResearcherEmail, PaperID) VALUES ('andy@email.com',3);
INSERT INTO PaperAuthor(ResearcherEmail, PaperID) VALUES ('lisa@email.com',3);
INSERT INTO PaperAuthor(ResearcherEmail, PaperID) VALUES ('lisa@email.com',4);
INSERT INTO PaperAuthor(ResearcherEmail, PaperID) VALUES ('ava@email.com',4);
INSERT INTO PaperAuthor(ResearcherEmail, PaperID) VALUES ('andy@email.com',5);
INSERT INTO PaperAuthor(ResearcherEmail, PaperID) VALUES ('bill@email.com',5);
INSERT INTO PaperAuthor(ResearcherEmail, PaperID) VALUES ('andy@email.com',6);
INSERT INTO PaperAuthor(ResearcherEmail, PaperID) VALUES ('lisa@email.com',7);
INSERT INTO PaperAuthor(ResearcherEmail, PaperID) VALUES ('ava@email.com',7);
INSERT INTO PaperAuthor(ResearcherEmail, PaperID) VALUES ('ava@email.com',8);
INSERT INTO PaperAuthor(ResearcherEmail, PaperID) VALUES ('lisa@email.com',8);
INSERT INTO PaperAuthor(ResearcherEmail, PaperID) VALUES ('eliza@email.com',8);
INSERT INTO PaperAuthor(ResearcherEmail, PaperID) VALUES ('lisa@email.com',9);
INSERT INTO PaperAuthor(ResearcherEmail, PaperID) VALUES ('eliza@email.com',9);
INSERT INTO PaperAuthor(ResearcherEmail, PaperID) VALUES ('andy@email.com',10);
INSERT INTO PaperAuthor(ResearcherEmail, PaperID) VALUES ('eliza@email.com',10);
INSERT INTO PaperAuthor(ResearcherEmail, PaperID) VALUES ('lisa@email.com',10);
INSERT INTO PaperAuthor(ResearcherEmail, PaperID) VALUES ('eliza@email.com',11);
INSERT INTO PaperAuthor(ResearcherEmail, PaperID) VALUES ('eliza@email.com',12);
INSERT INTO PaperAuthor(ResearcherEmail, PaperID) VALUES ('bill@email.com',12);
INSERT INTO PaperAuthor(ResearcherEmail, PaperID) VALUES ('eliza@email.com',13);
INSERT INTO PaperAuthor(ResearcherEmail, PaperID) VALUES ('andy@email.com',13);
INSERT INTO PaperAuthor(ResearcherEmail, PaperID) VALUES ('lisa@email.com',13);
INSERT INTO PaperAuthor(ResearcherEmail, PaperID) VALUES ('bill@email.com',14);
INSERT INTO PaperAuthor(ResearcherEmail, PaperID) VALUES ('andy@email.com',14);
INSERT INTO PaperAuthor(ResearcherEmail, PaperID) VALUES ('eliza@email.com',14);
INSERT INTO PaperAuthor(ResearcherEmail, PaperID) VALUES ('lisa@email.com',14);
INSERT INTO PaperAuthor(ResearcherEmail, PaperID) VALUES ('bill@email.com',15);
INSERT INTO PaperAuthor(ResearcherEmail, PaperID) VALUES ('andy@email.com',16);
INSERT INTO PaperAuthor(ResearcherEmail, PaperID) VALUES ('eliza@email.com',17);
INSERT INTO PaperAuthor(ResearcherEmail, PaperID) VALUES ('lisa@email.com',17);
INSERT INTO PaperAuthor(ResearcherEmail, PaperID) VALUES ('bill@email.com',18);
INSERT INTO PaperAuthor(ResearcherEmail, PaperID) VALUES ('andy@email.com',18);
INSERT INTO PaperAuthor(ResearcherEmail, PaperID) VALUES ('eliza@email.com',18);
INSERT INTO PaperAuthor(ResearcherEmail, PaperID) VALUES ('ava@email.com',18);
INSERT INTO PaperAuthor(ResearcherEmail, PaperID) VALUES ('ava@email.com',19);
INSERT INTO PaperAuthor(ResearcherEmail, PaperID) VALUES ('bill@email.com',20);
INSERT INTO AcceptedPaper(PaperID, StartPage, EndPage) VALUES (1,31,33);
INSERT INTO AcceptedPaper(PaperID, StartPage, EndPage) VALUES (2,39,43);
INSERT INTO AcceptedPaper(PaperID, StartPage, EndPage) VALUES (3,34,35);
INSERT INTO AcceptedPaper(PaperID, StartPage, EndPage) VALUES (4,11,13);
INSERT INTO AcceptedPaper(PaperID, StartPage, EndPage) VALUES (6,21,23);
INSERT INTO AcceptedPaper(PaperID, StartPage, EndPage) VALUES (7,31,32);
INSERT INTO AcceptedPaper(PaperID, StartPage, EndPage) VALUES (8,14,15);
INSERT INTO AcceptedPaper(PaperID, StartPage, EndPage) VALUES (10,8,10);
INSERT INTO AcceptedPaper(PaperID, StartPage, EndPage) VALUES (11,11,13);
INSERT INTO AcceptedPaper(PaperID, StartPage, EndPage) VALUES (12,13,15);
INSERT INTO AcceptedPaper(PaperID, StartPage, EndPage) VALUES (13,1,2);
INSERT INTO AcceptedPaper(PaperID, StartPage, EndPage) VALUES (14,3,4);
INSERT INTO AcceptedPaper(PaperID, StartPage, EndPage) VALUES (16,110,130);
INSERT INTO AcceptedPaper(PaperID, StartPage, EndPage) VALUES (17,89,90);
INSERT INTO AcceptedPaper(PaperID, StartPage, EndPage) VALUES (18,70,73);
INSERT INTO AcceptedPaper(PaperID, StartPage, EndPage) VALUES (19,59,69);
INSERT INTO RejectedPaper(PaperID, RejectionReason) VALUES (5,'rejection reason 1?');
INSERT INTO RejectedPaper(PaperID, RejectionReason) VALUES (9,'BAD!');
INSERT INTO RejectedPaper(PaperID, RejectionReason) VALUES (15,'rejection reason 2!');
INSERT INTO RejectedPaper(PaperID, RejectionReason) VALUES (20,'long rejection reason');
INSERT INTO Session(SessionID,SessionName,StartDateTime, EndDateTime,TrackType, ConferenceID ) VALUES (1,'session1Name','2020-01-01 12:00:00','2020-01-01 13:00:00','TrackType1',1);
INSERT INTO Session(SessionID,SessionName,StartDateTime, EndDateTime,TrackType, ConferenceID ) VALUES (2,'session2Name','2020-01-02 14:00:00','2020-01-02 15:00:00','TrackType2',1);
INSERT INTO Session(SessionID,SessionName,StartDateTime, EndDateTime,TrackType, ConferenceID ) VALUES (3,'session3Name','2022-01-02 14:00:00','2022-01-02 16:00:00','TrackType2',2);
INSERT INTO Session(SessionID,SessionName,StartDateTime, EndDateTime,TrackType, ConferenceID ) VALUES (4,'session4Name','2022-01-02 10:00:00','2022-01-02 15:30:00','TrackType3',2);
INSERT INTO Session(SessionID,SessionName,StartDateTime, EndDateTime,TrackType, ConferenceID ) VALUES (5,'session5Name','2021-02-02 11:00:00','2021-02-02 12:00:00','TrackType4',3);
INSERT INTO Session(SessionID,SessionName,StartDateTime, EndDateTime,TrackType, ConferenceID ) VALUES (6,'session6Name','2021-02-04 16:00:00','2021-02-04 16:40:00','TrackType5',3);
INSERT INTO Session(SessionID,SessionName,StartDateTime, EndDateTime,TrackType, ConferenceID ) VALUES (7,'session7Name','2023-03-02 11:00:00','2023-03-02 11:50:00','TrackType1',4);
INSERT INTO Session(SessionID,SessionName,StartDateTime, EndDateTime,TrackType, ConferenceID ) VALUES (8,'session8Name','2023-03-04 16:00:00','2023-03-04 17:00:00','TrackType2',4);
INSERT INTO Session(SessionID,SessionName,StartDateTime, EndDateTime,TrackType, ConferenceID ) VALUES (9,'session9Name','2023-03-04 16:00:00','2023-03-04 18:00:00','TrackType6',4);
INSERT INTO Session(SessionID,SessionName,StartDateTime, EndDateTime,TrackType, ConferenceID ) VALUES (10,'session10Name','2023-03-04 18:00:00','2023-03-04 20:00:00','TrackType6',4);
INSERT INTO Session(SessionID,SessionName,StartDateTime, EndDateTime,TrackType, ConferenceID ) VALUES (11,'session11Name','2024-04-01 09:00:00','2024-04-01 18:00:00','TrackType2',5);
INSERT INTO Presentation(ResearcherEmail,SessionID, PaperID) VALUES ('andy@email.com',1,1);
INSERT INTO Presentation(ResearcherEmail,SessionID, PaperID) VALUES ('andy@email.com',2,2);
INSERT INTO Presentation(ResearcherEmail,SessionID, PaperID) VALUES ('lisa@email.com',2,3);
INSERT INTO Presentation(ResearcherEmail,SessionID, PaperID) VALUES ('ava@email.com',3,4);
INSERT INTO Presentation(ResearcherEmail,SessionID, PaperID) VALUES ('andy@email.com',4,6);
INSERT INTO Presentation(ResearcherEmail,SessionID, PaperID) VALUES ('ava@email.com',5,7);
INSERT INTO Presentation(ResearcherEmail,SessionID, PaperID) VALUES ('ava@email.com',5,8);
INSERT INTO Presentation(ResearcherEmail,SessionID, PaperID) VALUES ('andy@email.com',6,10);
INSERT INTO Presentation(ResearcherEmail,SessionID, PaperID) VALUES ('eliza@email.com',6,11);
INSERT INTO Presentation(ResearcherEmail,SessionID, PaperID) VALUES ('bill@email.com',7,12);
INSERT INTO Presentation(ResearcherEmail,SessionID, PaperID) VALUES ('andy@email.com',7,13);
INSERT INTO Presentation(ResearcherEmail,SessionID, PaperID) VALUES ('bill@email.com',8,14);
INSERT INTO Presentation(ResearcherEmail,SessionID, PaperID) VALUES ('andy@email.com',8,16);
INSERT INTO Presentation(ResearcherEmail,SessionID, PaperID) VALUES ('eliza@email.com',9,17);
INSERT INTO Presentation(ResearcherEmail,SessionID, PaperID) VALUES ('eliza@email.com',10,17);
INSERT INTO Presentation(ResearcherEmail,SessionID, PaperID) VALUES ('ava@email.com',10,18);
INSERT INTO Presentation(ResearcherEmail,SessionID, PaperID) VALUES ('ava@email.com',11,19);
COMMIT;